<?xml version="1.0" encoding="utf-8" ?>
<dwsync>
<file name="LlenaDatosOTProductos.php" server="C:/xampp/htdocs/ave/" local="130438004045496369" remote="130438004040000000" Dst="2" />
<file name="LlenaDatosUnidadConsumo.php" server="C:/xampp/htdocs/protypeave/" local="130489670521789688" remote="130489670520000000" Dst="2" />
<file name="LlenaDatosOTLlantaPROF.php" server="C:/xampp/htdocs/protypeave/" local="130489729862743796" remote="130489729860000000" Dst="2" />
<file name="LlenaDatosLlantaMarca.php" server="C:/xampp/htdocs/protypeave/" local="130489670535650481" remote="130489670530000000" Dst="2" />
<file name="ImporteTotalOTLlanta.PHP" server="C:/xampp/htdocs/protypeave/" local="130489670557471729" remote="130489670550000000" Dst="2" />
<file name="LlenaDatosGraficaLlantaEstatus.php" server="C:/xampp/htdocs/protypeave/" local="130489670542290861" remote="130489670540000000" Dst="2" />
<file name="ImporteTotalComprasLlanta.php" server="C:/xampp/htdocs/protypeave/" local="130508676876915673" remote="130508676870000000" Dst="2" />
<file name="ImporteTotalConsumo.php" server="C:/xampp/htdocs/protypeave/" local="130489670559311834" remote="130489670550000000" Dst="2" />
<file name="ImporteTotalProductosMasComprados.php" server="C:/xampp/htdocs/protypeave/" local="130510454272976215" remote="130510454270000000" Dst="2" />
<file name="ImporteTotalOTProductos.php" server="C:/xampp/htdocs/protypeave/" local="130489670551721400" remote="130489670550000000" Dst="2" />
<file name="TotalLlantasMantenimientoImporte.php" server="C:/xampp/htdocs/protypeave/" local="130548608743430343" remote="130548608740000000" Dst="2" />
<file name="TotalLlantasMantenimientoCantidad.php" server="C:/xampp/htdocs/protypeave/" local="130548481007484265" remote="130548481000000000" Dst="2" />
<file name="chart_back..php" server="C:/xampp/htdocs/protypeave/" local="130489670578322922" remote="130489670570000000" Dst="2" />
<file name="LlenaDatosProductosMasComprados.php" server="C:/xampp/htdocs/protypeave/" local="130512212631291824" remote="130512212630000000" Dst="2" />
<file name="LlenaDatosOTProductos.php" server="C:/xampp/htdocs/protypeave/" local="130489670528300060" remote="130489670520000000" Dst="2" />
<file name="LlenaDatosComprasProveedor.php" server="C:/xampp/htdocs/protypeave/" local="130512218155927815" remote="130512218150000000" Dst="2" />
<file name="ExcelDatosOTProductos.php" server="C:/xampp/htdocs/protypeave/" local="130457040115683210" remote="130457040110000000" Dst="2" />
<file name="LlenaDatosOTLlanta.php" server="C:/xampp/htdocs/protypeave/" local="130489670535700484" remote="130489670530000000" Dst="2" />
</dwsync>