<?xml version="1.0" encoding="utf-8" ?>
<dwsync>
<file name="menu_jquery.js" server="C:/xampp/htdocs/protypeave/" local="130489670708750382" remote="130489670700000000" Dst="1" />
<file name="combo.js" server="C:/xampp/htdocs/protypeave/" local="130513865286746214" remote="130513865280000000" Dst="1" />
<file name="accionesCompras.js" server="C:/xampp/htdocs/protypeave/" local="130513865261914794" remote="130513865260000000" Dst="2" />
<file name="char.js" server="C:/xampp/htdocs/protypeave/" local="130489670714720723" remote="130489670710000000" Dst="2" />
<file name="M_Llantas.js" server="C:/xampp/htdocs/protypeave/" local="130585538102137020" remote="130585538100000000" Dst="1" />
<file name="combo_anterior.js" server="C:/xampp/htdocs/protypeave/" local="130498338742968523" remote="130498338740000000" Dst="2" />
<file name="M_Llantas_totales.js" server="C:/xampp/htdocs/protypeave/" local="130549457874717875" remote="130549457870000000" Dst="1" />
<file name="M_llantas_test.js" server="C:/xampp/htdocs/protypeave/" local="130604787402257528" remote="130604787400000000" Dst="1" />
</dwsync>