<?xml version="1.0" encoding="utf-8" ?>
<dwsync>
<file name="index.php" server="C:/xampp/htdocs/protypeave/" local="130489667460724605" remote="130489667460000000" Dst="1" />
<file name="yyyyy.php" server="C:/xampp/htdocs/protypeave/" local="130525242374395102" remote="130525242370000000" Dst="2" />
<file name="lel.js" server="C:/xampp/htdocs/protypeave/" local="130543430047158254" remote="130543430040000000" Dst="2" />
<file name="vjkfjkjk.php" server="C:/xampp/htdocs/protypeave/" local="130543430241909393" remote="130543430240000000" Dst="2" />
<file name="google_chart.php" server="C:/xampp/htdocs/protypeave/" local="130574395129943220" remote="130574395120000000" Dst="1" />
<file name="c_2.php" server="C:/xampp/htdocs/protypeave/" local="130574390721381064" remote="130574390720000000" Dst="1" />
<file name="teste.php" server="C:/xampp/htdocs/protypeave/" local="130585615438630414" remote="130585615430000000" Dst="1" />
<file name="M_llantas_test.js" server="C:/xampp/htdocs/protypeave/" local="130585621637544972" remote="130585621630000000" Dst="1" />
</dwsync>